username,mbti
Peter Taylor,INTP
David Harris,INTP
Emma Harris,INTP
Quinn Wilson,INTP
Katie Moore,INTP
Jack Jones,INTP
Sam Jackson,INTP
Luke White,INTP
Olivia Hall,INTP
Katie Garcia,INTP
Quinn Clark,INTP
Wendy Johnson,INTP
Frank Robinson,INTP
Sam Taylor,INTP
Peter Davis,INTP
Grace Brown,INTP
Wendy Lee,INTP
Katie Thomas,INTP
Emma Jones,INTP
Frank Johnson,INTP
Victor Thomas,INTP
Bob Clark,INTP
Grace Martinez,INTP
Victor Wilson,INTP
Tina Miller,INTP
Quinn Lewis,INTP
Sam Harris,INTP
Charlie Thomas,INTP
Ivy Lewis,INTP
Nathan Taylor,INTP
Luke Robinson,INTP
Peter Garcia,INTP
Wendy Clark,INTP
Nathan Wilson,INTP
Alice Thomas,INTP
Katie Walker,INTP
Ivy Davis,INTP
Olivia Moore,INTP
Rachel Johnson,INTP
Ivy Smith,INTP
Frank Walker,INTP
Jack Martinez,INTP
Sam Wilson,INTP
Katie Robinson,INTP
Xavier Davis,INTP
Jack Thomas,INTP
Alice Hall,INTP
Yvonne Lee,INTP
Olivia Robinson,INTP
Frank Anderson,INTP
Frank Garcia,INTP
Tina Brown,INTP
Henry Williams,INTP
Emma Martin,INTP
Ivy Hall,INTP
Rachel Clark,INTP
Quinn Brown,INTP
Alice Martin,INTP
Emma Davis,INTP
Charlie Williams,INTP
Olivia Walker,INTP
David Taylor,INTP
Bob Jackson,INTP
Victor Walker,INTP
Sam Clark,INTP
Bob Garcia,INTP
Jack Martin,INTP
Grace Davis,INTP
Henry Brown,INTP
Mia Harris,INTP
Henry Davis,INTP
Quinn Johnson,INTP
Xavier Miller,INTP
Ivy Johnson,INTP
Rachel Wilson,INTP
Nathan Brown,INTP
Bob Jones,INTP
Luke Miller,INTP
Wendy Williams,INTP
Jack Moore,INTP
Frank Martinez,INTP
Ivy Jackson,INTP
Quinn Smith,INTP
Victor Thompson,INTP
Tina Wilson,INTP
Quinn Jones,INTP
Yvonne Garcia,INTP
Xavier Robinson,INTP
Zack Martin,INTP
Emma Thompson,INTP
Charlie Moore,INTP
Mia Martin,INTP
Olivia Thomas,INTP
David Walker,INTP
Quinn Thompson,INTP
Frank Brown,INTP
Xavier Williams,INTP
Victor Moore,INTP
Katie Anderson,INTP
Bob Moore,INTP
Luke Martin,INTP
Victor Lewis,INTP
Yvonne Brown,INTP
David Hall,INTP
Zack Martinez,INTP
Tina Anderson,INTP
Mia Miller,INTP
Grace Taylor,INTP
Grace Thomas,INTP
Grace Hall,INTP
Tina Martin,INTP
Sam Lee,INTP
Tina Williams,INTP
Wendy Martin,INTP
Katie Williams,INTP
Zack Smith,INTP
Yvonne Martinez,INTP
Zack Wilson,INTP
Xavier Walker,INTP
Zack Johnson,INTP
Jack Lee,INTP
Luke Harris,INTP
Quinn Robinson,INTP
Charlie Taylor,INTP
Grace Smith,INTP
Katie Harris,INTP
Xavier Harris,INTP
David Jackson,INTP
Victor Williams,INTP
Ivy White,INTP
Henry Martinez,INTP
Alice Lewis,INTP
Mia Brown,INTP
Rachel Robinson,INTP
Jack Anderson,INTP
Tina Clark,INTP
David Smith,INTP
Ivy Garcia,INTP
Wendy Thompson,INTP
Peter Thomas,INTP
Jack Garcia,INTP
Rachel Thomas,INTP
Henry Johnson,INTP
Mia Johnson,INTP
David Davis,INTP
Katie Johnson,INTP
Ivy Robinson,INTP
Jack Lewis,INTP
Bob Harris,INTP
Peter Smith,INTP
Sam Thompson,INTP
Yvonne Wilson,INTP
Jack Brown,INTP
Xavier Wilson,INTP
Xavier Brown,INTP
Yvonne Walker,INTP
Yvonne Miller,INTP
Henry Walker,INTP
Zack Thompson,INTP
Grace Garcia,INTP
Emma Anderson,INTP
Grace Williams,INTP
Henry Lee,INTP
Nathan Moore,INTP
Peter Martin,INTP
Frank Hall,INTP
Peter White,INTP
Victor Jackson,INTP
Rachel Anderson,INTP
Henry Garcia,INTP
Zack Walker,INTP
Emma Thomas,INTP
Peter Jackson,INTP
Charlie Garcia,INTP
Mia Robinson,INTP
Yvonne Davis,INTP
Henry Lewis,INTP
Ivy Williams,INTP
Emma Walker,INTP
Peter Anderson,INTP
Ivy Lee,INTP
Mia Taylor,INTP
Alice Clark,INTP
Mia Jones,INTP
Wendy Wilson,INTP
Victor Robinson,INTP
Quinn Martinez,INTP
Henry Thompson,INTP
Frank White,INTP
Peter Wilson,INTP
Emma Hall,INTP
Luke Hall,INTP
Frank Clark,INTP
Bob Martinez,INTP
Mia Garcia,INTP
Emma Robinson,INTP
Charlie Brown,INTP
Katie Jones,INTP
Ivy Martin,INTP
Katie Miller,INTP
Sam Jones,INTP
Ivy Anderson,INTP
Wendy Moore,INTP
Tina Martinez,INTP
Tina Davis,INTP
Peter Williams,INTP
Zack White,INTP
Rachel Lewis,INTP
Victor Lee,INTP
Sam Brown,INTP
Xavier Lee,INTP
Mia Martinez,INTP
Sam Davis,INTP
Katie Wilson,INTP
Bob Williams,INTP
Jack Johnson,INTP
Rachel Martin,INTP
Rachel Jackson,INTP
Katie Clark,INTP
Xavier White,INTP
Jack Hall,INTP
Alice Johnson,INTP
Quinn Hall,INTP
Olivia Miller,INTP
Bob Martin,INTP
Victor Johnson,INTP
Olivia Lee,INTP
Emma Smith,INTP
David Martinez,INTP
Nathan Hall,INTP
Alice Harris,INTP
Nathan Davis,INTP
Mia Smith,INTP
Frank Jackson,INTP
Charlie Miller,INTP
Jack Jackson,INTP
Tina Walker,INTP
Luke Moore,INTP
Victor Smith,INTP
Ivy Walker,INTP
Mia Jackson,INTP
Ivy Miller,INTP
Jack Thompson,INTP
Quinn Anderson,INTP
Yvonne Williams,INTP
Sam Johnson,INTP
Olivia Taylor,INTP
Grace White,INTP
Jack White,INTP
Quinn Harris,INTP
David Jones,INTP
Bob Smith,INTP
Henry Jones,INTP
Frank Lewis,INTP
Yvonne Smith,INTP
Bob Thompson,INTP
Yvonne Harris,INTP
Zack Clark,INTP
Charlie White,INTP
David Johnson,INTP
Sam Lewis,INTP
Sam Thomas,INTP
Luke Johnson,INTP
Zack Davis,INTP
Mia Wilson,INTP
Quinn Taylor,INTP
David White,INTP
Peter Johnson,INTP
Olivia Brown,INTP
Emma Brown,INTP
Bob Davis,INTP
Sam Martin,INTP
Rachel Walker,INTP
Henry Anderson,INTP
Rachel Davis,INTP
Bob Anderson,INTP
Grace Jackson,INTP
Peter Clark,INTP
Charlie Johnson,INTP
Olivia Martin,INTP
Nathan Lewis,INTP
Luke Davis,INTP
Rachel Martinez,INTP
Yvonne Martin,INTP
Charlie Lewis,INTP
Charlie Walker,INTP
Peter Martinez,INTP
Katie Martinez,INTP
Quinn Miller,INTP
Frank Thompson,INTP
Mia White,INTP
Tina Johnson,INTP
Mia Moore,INTP
Mia Lewis,INTP
Mia Davis,INTP
Nathan Walker,INTP
Charlie Lee,INTP
Rachel Harris,INTP
Jack Walker,INTP
Sam Anderson,INTP
Alice Lee,INTP
Nathan Williams,INTP
Jack Williams,INTP
Henry Robinson,INTP
Alice Robinson,INTP
Sam Williams,INTP
Charlie Robinson,INTP
Zack Anderson,INTP
Mia Williams,INTP
Sam Miller,INTP
Luke Jones,INTP
Ivy Brown,INTP
Grace Robinson,INTP
Luke Brown,INTP
Wendy Taylor,INTP
Sam Robinson,INTP
Tina Thompson,INTP
Rachel White,INTP
David Thompson,INTP
Henry Clark,INTP
David Garcia,INTP
Ivy Wilson,INTP
Bob Lee,INTP
Xavier Lewis,INTP
Ivy Thomas,INTP
Olivia Smith,INTP
Tina Harris,INTP
Victor Davis,INTP
Grace Lewis,INTP
Xavier Thomas,INTP
Jack Harris,INTP
Jack Clark,INTP
Mia Thomas,INTP
Nathan Johnson,INTP
Peter Lewis,INTP
Charlie Harris,INTP
Luke Thompson,INTP
Wendy Garcia,INTP
Quinn Martin,INTP
Katie White,INTP
Nathan Martinez,INTP
Victor Martin,INTP
Zack Lewis,INTP
Victor Garcia,INTP
Ivy Taylor,INTP
Luke Williams,INTP
Peter Miller,INTP
Jack Smith,INTP
Peter Lee,INTP
Luke Wilson,INTP
David Miller,INTP
Rachel Garcia,INTP
Frank Williams,INTP
Jack Miller,INTP
Charlie Martin,INTP
Zack Moore,INTP
Olivia Clark,INTP
Xavier Johnson,INTP
Xavier Hall,INTP
Yvonne Anderson,INTP
Nathan Jackson,INTP
Peter Jones,INTP
Alice Jackson,INTP
Emma Williams,INTP
Zack Hall,INTP
Charlie Martinez,INTP
Luke Garcia,INTP
Nathan Garcia,INTP
Nathan White,INTP
Tina Robinson,INTP
Tina Garcia,INTP
Emma Lewis,INTP
Sam Garcia,INTP
Quinn White,INTP
Luke Thomas,INTP
Luke Clark,INTP
David Robinson,INTP
Zack Williams,INTP
Frank Moore,INTP
Alice Anderson,INTP
Henry Hall,INTP
Olivia Jones,INTP
Rachel Taylor,INTP
Victor Hall,INTP
Tina Lee,INTP
Rachel Brown,INTP
Frank Jones,INTP
Yvonne Taylor,INTP
Alice Martinez,INTP
Grace Harris,INTP
Henry White,INTP
Rachel Miller,INTP
Alice Miller,INTP
Quinn Lee,INTP
Quinn Walker,INTP
Grace Martin,INTP
Emma Martinez,INTP
Xavier Jones,INTP
Peter Harris,INTP
Grace Walker,INTP
Victor Martinez,INTP
Alice Garcia,INTP
Xavier Garcia,INTP
David Thomas,INTP
David Wilson,INTP
Luke Anderson,INTP
Zack Garcia,INTP
David Anderson,INTP
Jack Taylor,INTP
Quinn Davis,INTP
Emma Clark,INTP
Wendy Anderson,INTP
Grace Miller,INTP
Charlie Davis,INTP
Nathan Robinson,INTP
Olivia Harris,INTP
Victor Harris,INTP
Alice White,INTP
Olivia Martinez,INTP
Bob Walker,INTP
Victor Jones,INTP
Alice Wilson,INTP
David Lee,INTP
Ivy Harris,INTP
Yvonne Robinson,INTP
Henry Martin,INTP
Yvonne Hall,INTP
Katie Martin,INTP
Tina Jones,INTP
Tina Smith,INTP
Bob White,INTP
Luke Martinez,INTP
Zack Taylor,INTP
Tina Hall,INTP
Grace Clark,INTP
Wendy Hall,INTP
Henry Smith,INTP
Xavier Clark,INTP
David Martin,INTP
Luke Lee,INTP
Mia Clark,INTP
Frank Martin,INTP
Emma Johnson,INTP
Charlie Clark,INTP
Frank Taylor,INTP
Sam Walker,INTP
Katie Lee,INTP
Xavier Martin,INTP
Xavier Anderson,INTP
Nathan Martin,INTP
Victor Taylor,INTP
Olivia Davis,INTP
Charlie Smith,INTP
David Lewis,INTP
Frank Thomas,INTP
Charlie Anderson,INTP
Yvonne Moore,INTP
Luke Walker,INTP
Alice Brown,INTP
Nathan Lee,INTP
Ivy Thompson,INTP
Katie Brown,INTP
Alice Williams,INTP
Bob Thomas,INTP
Emma Jackson,INTP
Tina Taylor,INTP
Nathan Thompson,INTP
Mia Walker,INTP
Bob Robinson,INTP
Yvonne Thompson,INTP
Alice Taylor,INTP
Olivia Lewis,INTP
Rachel Moore,INTP
Wendy Harris,INTP
David Williams,INTP
Victor Miller,INTP
Katie Lewis,INTP
Katie Thompson,INTP
Zack Brown,INTP
Wendy Jackson,INTP
Sam Moore,INTP
Wendy Brown,INTP
Zack Jackson,INTP
Charlie Jones,INTP
Bob Hall,INTP
Frank Smith,INTP
Sam White,INTP
Sam Smith,INTP
Wendy Smith,INTP
Alice Moore,INTP
Henry Jackson,INTP
Frank Davis,INTP
Quinn Moore,INTP
Tina White,INTP
Yvonne Johnson,INTP
Grace Moore,INTP
Bob Brown,INTP
Bob Taylor,INTP
Frank Lee,INTP
Luke Lewis,INTP
Peter Taylor,INTP
David Harris,INTP
Emma Harris,INTP
Quinn Wilson,INTP
Katie Moore,INTP
Jack Jones,INTP
Sam Jackson,INTP
Luke White,INTP
Olivia Hall,INTP
Katie Garcia,INTP
Quinn Clark,INTP
Wendy Johnson,INTP
Frank Robinson,INTP
Sam Taylor,INTP
Peter Davis,INTP
Grace Brown,INTP
Wendy Lee,INTP
Katie Thomas,INTP
Emma Jones,INTP
Frank Johnson,INTP
Victor Thomas,INTP
Bob Clark,INTP
Grace Martinez,INTP
Victor Wilson,INTP
Tina Miller,INTP
Quinn Lewis,INTP
Sam Harris,INTP
Charlie Thomas,INTP
Ivy Lewis,INTP
Nathan Taylor,INTP
Luke Robinson,INTP
Peter Garcia,INTP
Wendy Clark,INTP
Nathan Wilson,INTP
Alice Thomas,INTP
Katie Walker,INTP
Ivy Davis,INTP
Olivia Moore,INTP
Rachel Johnson,INTP
Ivy Smith,INTP
Frank Walker,INTP
Jack Martinez,INTP
Sam Wilson,INTP
Katie Robinson,INTP
Xavier Davis,INTP
Jack Thomas,INTP
Alice Hall,INTP
Yvonne Lee,INTP
Olivia Robinson,INTP
Frank Anderson,INTP
Frank Garcia,INTP
Tina Brown,INTP
Henry Williams,INTP
Emma Martin,INTP
Ivy Hall,INTP
Rachel Clark,INTP
Quinn Brown,INTP
Alice Martin,INTP
Emma Davis,INTP
Charlie Williams,INTP
Olivia Walker,INTP
David Taylor,INTP
Bob Jackson,INTP
Victor Walker,INTP
Sam Clark,INTP
Bob Garcia,INTP
Jack Martin,INTP
Grace Davis,INTP
Henry Brown,INTP
Mia Harris,INTP
Henry Davis,INTP
Quinn Johnson,INTP
Xavier Miller,INTP
Ivy Johnson,INTP
Rachel Wilson,INTP
Nathan Brown,INTP
Bob Jones,INTP
Luke Miller,INTP
Wendy Williams,INTP
Jack Moore,INTP
Frank Martinez,INTP
Ivy Jackson,INTP
Quinn Smith,INTP
Victor Thompson,INTP
Tina Wilson,INTP
Quinn Jones,INTP
Yvonne Garcia,INTP
Xavier Robinson,INTP
Zack Martin,INTP
Emma Thompson,INTP
Charlie Moore,INTP
Mia Martin,INTP
Olivia Thomas,INTP
David Walker,INTP
Quinn Thompson,INTP
Frank Brown,INTP
Xavier Williams,INTP
Victor Moore,INTP
Katie Anderson,INTP
Bob Moore,INTP
Luke Martin,INTP
Victor Lewis,INTP
Yvonne Brown,INTP
David Hall,INTP
Zack Martinez,INTP
Tina Anderson,INTP
Mia Miller,INTP
Grace Taylor,INTP
Grace Thomas,INTP
Grace Hall,INTP
Tina Martin,INTP
Sam Lee,INTP
Tina Williams,INTP
Wendy Martin,INTP
Katie Williams,INTP
Zack Smith,INTP
Yvonne Martinez,INTP
Zack Wilson,INTP
Xavier Walker,INTP
Zack Johnson,INTP
Jack Lee,INTP
Luke Harris,INTP
Quinn Robinson,INTP
Charlie Taylor,INTP
Grace Smith,INTP
Katie Harris,INTP
Xavier Harris,INTP
David Jackson,INTP
Victor Williams,INTP
Ivy White,INTP
Henry Martinez,INTP
Alice Lewis,INTP
Mia Brown,INTP
Rachel Robinson,INTP
Jack Anderson,INTP
Tina Clark,INTP
David Smith,INTP
Ivy Garcia,INTP
Wendy Thompson,INTP
Peter Thomas,INTP
Jack Garcia,INTP
Rachel Thomas,INTP
Henry Johnson,INTP
Mia Johnson,INTP
David Davis,INTP
Katie Johnson,INTP
Ivy Robinson,INTP
Jack Lewis,INTP
Bob Harris,INTP
Peter Smith,INTP
Sam Thompson,INTP
Yvonne Wilson,INTP
Jack Brown,INTP
Xavier Wilson,INTP
Xavier Brown,INTP
Yvonne Walker,INTP
Yvonne Miller,INTP
Henry Walker,INTP
Zack Thompson,INTP
Grace Garcia,INTP
Emma Anderson,INTP
Grace Williams,INTP
Henry Lee,INTP
Nathan Moore,INTP
Peter Martin,INTP
Frank Hall,INTP
Peter White,INTP
Victor Jackson,INTP
Rachel Anderson,INTP
Henry Garcia,INTP
Zack Walker,INTP
Emma Thomas,INTP
Peter Jackson,INTP
Charlie Garcia,INTP
Mia Robinson,INTP
Yvonne Davis,INTP
Henry Lewis,INTP
Ivy Williams,INTP
Emma Walker,INTP
Peter Anderson,INTP
Ivy Lee,INTP
Mia Taylor,INTP
Alice Clark,INTP
Mia Jones,INTP
Wendy Wilson,INTP
Victor Robinson,INTP
Quinn Martinez,INTP
Henry Thompson,INTP
Frank White,INTP
Peter Wilson,INTP
Emma Hall,INTP
Luke Hall,INTP
Frank Clark,INTP
Bob Martinez,INTP
Mia Garcia,INTP
Emma Robinson,INTP
Charlie Brown,INTP
Katie Jones,INTP
Ivy Martin,INTP
Katie Miller,INTP
Sam Jones,INTP
Ivy Anderson,INTP
Wendy Moore,INTP
Tina Martinez,INTP
Tina Davis,INTP
Peter Williams,INTP
Zack White,INTP
Rachel Lewis,INTP
Victor Lee,INTP
Sam Brown,INTP
Xavier Lee,INTP
Mia Martinez,INTP
Sam Davis,INTP
Katie Wilson,INTP
Bob Williams,INTP
Jack Johnson,INTP
Rachel Martin,INTP
Rachel Jackson,INTP
Katie Clark,INTP
Xavier White,INTP
Jack Hall,INTP
Alice Johnson,INTP
Quinn Hall,INTP
Olivia Miller,INTP
Bob Martin,INTP
Victor Johnson,INTP
Olivia Lee,INTP
Emma Smith,INTP
David Martinez,INTP
Nathan Hall,INTP
Alice Harris,INTP
Nathan Davis,INTP
Mia Smith,INTP
Frank Jackson,INTP
Charlie Miller,INTP
Jack Jackson,INTP
Tina Walker,INTP
Luke Moore,INTP
Victor Smith,INTP
Ivy Walker,INTP
Mia Jackson,INTP
Ivy Miller,INTP
Jack Thompson,INTP
Quinn Anderson,INTP
Yvonne Williams,INTP
Sam Johnson,INTP
Olivia Taylor,INTP
Grace White,INTP
Jack White,INTP
Quinn Harris,INTP
David Jones,INTP
Bob Smith,INTP
Henry Jones,INTP
Frank Lewis,INTP
Yvonne Smith,INTP
Bob Thompson,INTP
Yvonne Harris,INTP
Zack Clark,INTP
Charlie White,INTP
David Johnson,INTP
Sam Lewis,INTP
Sam Thomas,INTP
Luke Johnson,INTP
Zack Davis,INTP
Mia Wilson,INTP
Quinn Taylor,INTP
David White,INTP
Peter Johnson,INTP
Olivia Brown,INTP
Emma Brown,INTP
Bob Davis,INTP
Sam Martin,INTP
Rachel Walker,INTP
Henry Anderson,INTP
Rachel Davis,INTP
Bob Anderson,INTP
Grace Jackson,INTP
Peter Clark,INTP
Charlie Johnson,INTP
Olivia Martin,INTP
Nathan Lewis,INTP
Luke Davis,INTP
Rachel Martinez,INTP
Yvonne Martin,INTP
Charlie Lewis,INTP
Charlie Walker,INTP
Peter Martinez,INTP
Katie Martinez,INTP
Quinn Miller,INTP
Frank Thompson,INTP
Mia White,INTP
Tina Johnson,INTP
Mia Moore,INTP
Mia Lewis,INTP
Mia Davis,INTP
Nathan Walker,INTP
Charlie Lee,INTP
Rachel Harris,INTP
Jack Walker,INTP
Sam Anderson,INTP
Alice Lee,INTP
Nathan Williams,INTP
Jack Williams,INTP
Henry Robinson,INTP
Alice Robinson,INTP
Sam Williams,INTP
Charlie Robinson,INTP
Zack Anderson,INTP
Mia Williams,INTP
Sam Miller,INTP
Luke Jones,INTP
Ivy Brown,INTP
Grace Robinson,INTP
Luke Brown,INTP
Wendy Taylor,INTP
Sam Robinson,INTP
Tina Thompson,INTP
Rachel White,INTP
David Thompson,INTP
Henry Clark,INTP
David Garcia,INTP
Ivy Wilson,INTP
Bob Lee,INTP
Xavier Lewis,INTP
Ivy Thomas,INTP
Olivia Smith,INTP
Tina Harris,INTP
Victor Davis,INTP
Grace Lewis,INTP
Xavier Thomas,INTP
Jack Harris,INTP
Jack Clark,INTP
Mia Thomas,INTP
Nathan Johnson,INTP
Peter Lewis,INTP
Charlie Harris,INTP
Luke Thompson,INTP
Wendy Garcia,INTP
Quinn Martin,INTP
Katie White,INTP
Nathan Martinez,INTP
Victor Martin,INTP
Zack Lewis,INTP
Victor Garcia,INTP
Ivy Taylor,INTP
Luke Williams,INTP
Peter Miller,INTP
Jack Smith,INTP
Peter Lee,INTP
Luke Wilson,INTP
David Miller,INTP
Rachel Garcia,INTP
Frank Williams,INTP
Jack Miller,INTP
Charlie Martin,INTP
Zack Moore,INTP
Olivia Clark,INTP
Xavier Johnson,INTP
Xavier Hall,INTP
Yvonne Anderson,INTP
Nathan Jackson,INTP
Peter Jones,INTP
Alice Jackson,INTP
Emma Williams,INTP
Zack Hall,INTP
Charlie Martinez,INTP
Luke Garcia,INTP
Nathan Garcia,INTP
Nathan White,INTP
Tina Robinson,INTP
Tina Garcia,INTP
Emma Lewis,INTP
Sam Garcia,INTP
Quinn White,INTP
Luke Thomas,INTP
Luke Clark,INTP
David Robinson,INTP
Zack Williams,INTP
Frank Moore,INTP
Alice Anderson,INTP
Henry Hall,INTP
Olivia Jones,INTP
Rachel Taylor,INTP
Victor Hall,INTP
Tina Lee,INTP
Rachel Brown,INTP
Frank Jones,INTP
Yvonne Taylor,INTP
Alice Martinez,INTP
Grace Harris,INTP
Henry White,INTP
Rachel Miller,INTP
Alice Miller,INTP
Quinn Lee,INTP
Quinn Walker,INTP
Grace Martin,INTP
Emma Martinez,INTP
Xavier Jones,INTP
Peter Harris,INTP
Grace Walker,INTP
Victor Martinez,INTP
Alice Garcia,INTP
Xavier Garcia,INTP
David Thomas,INTP
David Wilson,INTP
Luke Anderson,INTP
Zack Garcia,INTP
David Anderson,INTP
Jack Taylor,INTP
Quinn Davis,INTP
Emma Clark,INTP
Wendy Anderson,INTP
Grace Miller,INTP
Charlie Davis,INTP
Nathan Robinson,INTP
Olivia Harris,INTP
Victor Harris,INTP
Alice White,INTP
Olivia Martinez,INTP
Bob Walker,INTP
Victor Jones,INTP
Alice Wilson,INTP
David Lee,INTP
Ivy Harris,INTP
Yvonne Robinson,INTP
Henry Martin,INTP
Yvonne Hall,INTP
Katie Martin,INTP
Tina Jones,INTP
Tina Smith,INTP
Bob White,INTP
Luke Martinez,INTP
Zack Taylor,INTP
Tina Hall,INTP
Grace Clark,INTP
Wendy Hall,INTP
Henry Smith,INTP
Xavier Clark,INTP
David Martin,INTP
Luke Lee,INTP
Mia Clark,INTP
Frank Martin,INTP
Emma Johnson,INTP
Charlie Clark,INTP
Frank Taylor,INTP
Sam Walker,INTP
Katie Lee,INTP
Xavier Martin,INTP
Xavier Anderson,INTP
Nathan Martin,INTP
Victor Taylor,INTP
Olivia Davis,INTP
Charlie Smith,INTP
David Lewis,INTP
Frank Thomas,INTP
Charlie Anderson,INTP
Yvonne Moore,INTP
Luke Walker,INTP
Alice Brown,INTP
Nathan Lee,INTP
Ivy Thompson,INTP
Katie Brown,INTP
Alice Williams,INTP
Bob Thomas,INTP
Emma Jackson,INTP
Tina Taylor,INTP
Nathan Thompson,INTP
Mia Walker,INTP
Bob Robinson,INTP
Yvonne Thompson,INTP
Alice Taylor,INTP
Olivia Lewis,INTP
Rachel Moore,INTP
Wendy Harris,INTP
David Williams,INTP
Victor Miller,INTP
Katie Lewis,INTP
Katie Thompson,INTP
Zack Brown,INTP
Wendy Jackson,INTP
Sam Moore,INTP
Wendy Brown,INTP
Zack Jackson,INTP
Charlie Jones,INTP
Bob Hall,INTP
Frank Smith,INTP
Sam White,INTP
Sam Smith,INTP
Wendy Smith,INTP
Alice Moore,INTP
Henry Jackson,INTP
Frank Davis,INTP
Quinn Moore,INTP
Tina White,INTP
Yvonne Johnson,INTP
Grace Moore,INTP
Bob Brown,INTP
Bob Taylor,INTP
Frank Lee,INTP
Luke Lewis,INTP
Peter Taylor,INTP
David Harris,INTP
Emma Harris,INTP
Quinn Wilson,INTP
Katie Moore,INTP
Jack Jones,INTP
Sam Jackson,INTP
Luke White,INTP
Olivia Hall,INTP
Katie Garcia,INTP
Quinn Clark,INTP
Wendy Johnson,INTP
Frank Robinson,INTP
Sam Taylor,INTP
Peter Davis,INTP
Grace Brown,INTP
Wendy Lee,INTP
Katie Thomas,INTP
Emma Jones,INTP
Frank Johnson,INTP
Victor Thomas,INTP
Bob Clark,INTP
Grace Martinez,INTP
Victor Wilson,INTP
Tina Miller,INTP
Quinn Lewis,INTP
Sam Harris,INTP
Charlie Thomas,INTP
Ivy Lewis,INTP
Nathan Taylor,INTP
Luke Robinson,INTP
Peter Garcia,INTP
Wendy Clark,INTP
Nathan Wilson,INTP
Alice Thomas,INTP
Katie Walker,INTP
Ivy Davis,INTP
Olivia Moore,INTP
Rachel Johnson,INTP
Ivy Smith,INTP
Frank Walker,INTP
Jack Martinez,INTP
Sam Wilson,INTP
Katie Robinson,INTP
Xavier Davis,INTP
Jack Thomas,INTP
Alice Hall,INTP
Yvonne Lee,INTP
Olivia Robinson,INTP
Frank Anderson,INTP
Frank Garcia,INTP
Tina Brown,INTP
Henry Williams,INTP
Emma Martin,INTP
Ivy Hall,INTP
Rachel Clark,INTP
Quinn Brown,INTP
Alice Martin,INTP
Emma Davis,INTP
Charlie Williams,INTP
Olivia Walker,INTP
David Taylor,INTP
Bob Jackson,INTP
Victor Walker,INTP
Sam Clark,INTP
Bob Garcia,INTP
Jack Martin,INTP
Grace Davis,INTP
Henry Brown,INTP
Mia Harris,INTP
Henry Davis,INTP
Quinn Johnson,INTP
Xavier Miller,INTP
Ivy Johnson,INTP
Rachel Wilson,INTP
Nathan Brown,INTP
Bob Jones,INTP
Luke Miller,INTP
Wendy Williams,INTP
Jack Moore,INTP
Frank Martinez,INTP
Ivy Jackson,INTP
Quinn Smith,INTP
Victor Thompson,INTP
Tina Wilson,INTP
Quinn Jones,INTP
Yvonne Garcia,INTP
Xavier Robinson,INTP
Zack Martin,INTP
Emma Thompson,INTP
Charlie Moore,INTP
Mia Martin,INTP
Olivia Thomas,INTP
David Walker,INTP
Quinn Thompson,INTP
Frank Brown,INTP
Xavier Williams,INTP
Victor Moore,INTP
Katie Anderson,INTP
Bob Moore,INTP
Luke Martin,INTP
Victor Lewis,INTP
Yvonne Brown,INTP
David Hall,INTP
Zack Martinez,INTP
Tina Anderson,INTP
Mia Miller,INTP
Grace Taylor,INTP
Grace Thomas,INTP
Grace Hall,INTP
Tina Martin,INTP
Sam Lee,INTP
Tina Williams,INTP
Wendy Martin,INTP
Katie Williams,INTP
Zack Smith,INTP
Yvonne Martinez,INTP
Zack Wilson,INTP
Xavier Walker,INTP
Zack Johnson,INTP
Jack Lee,INTP
Luke Harris,INTP
Quinn Robinson,INTP
Charlie Taylor,INTP
Grace Smith,INTP
Katie Harris,INTP
Xavier Harris,INTP
David Jackson,INTP
Victor Williams,INTP
Ivy White,INTP
Henry Martinez,INTP
Alice Lewis,INTP
Mia Brown,INTP
Rachel Robinson,INTP
Jack Anderson,INTP
Tina Clark,INTP
David Smith,INTP
Ivy Garcia,INTP
Wendy Thompson,INTP
Peter Thomas,INTP
Jack Garcia,INTP
Rachel Thomas,INTP
Henry Johnson,INTP
Mia Johnson,INTP
David Davis,INTP
Katie Johnson,INTP
Ivy Robinson,INTP
Jack Lewis,INTP
Bob Harris,INTP
Peter Smith,INTP
Sam Thompson,INTP
Yvonne Wilson,INTP
Jack Brown,INTP
Xavier Wilson,INTP
Xavier Brown,INTP
Yvonne Walker,INTP
Yvonne Miller,INTP
Henry Walker,INTP
Zack Thompson,INTP
Grace Garcia,INTP
Emma Anderson,INTP
Grace Williams,INTP
Henry Lee,INTP
Nathan Moore,INTP
Peter Martin,INTP
Frank Hall,INTP
Peter White,INTP
Victor Jackson,INTP
Rachel Anderson,INTP
Henry Garcia,INTP
Zack Walker,INTP
Emma Thomas,INTP
Peter Jackson,INTP
Charlie Garcia,INTP
Mia Robinson,INTP
Yvonne Davis,INTP
Henry Lewis,INTP
Ivy Williams,INTP
Emma Walker,INTP
Peter Anderson,INTP
Ivy Lee,INTP
Mia Taylor,INTP
Alice Clark,INTP
Mia Jones,INTP
Wendy Wilson,INTP
Victor Robinson,INTP
Quinn Martinez,INTP
Henry Thompson,INTP
Frank White,INTP
Peter Wilson,INTP
Emma Hall,INTP
Luke Hall,INTP
Frank Clark,INTP
Bob Martinez,INTP
Mia Garcia,INTP
Emma Robinson,INTP
Charlie Brown,INTP
Katie Jones,INTP
Ivy Martin,INTP
Katie Miller,INTP
Sam Jones,INTP
Ivy Anderson,INTP
Wendy Moore,INTP
Tina Martinez,INTP
Tina Davis,INTP
Peter Williams,INTP
Zack White,INTP
Rachel Lewis,INTP
Victor Lee,INTP
Sam Brown,INTP
Xavier Lee,INTP
Mia Martinez,INTP
Sam Davis,INTP
Katie Wilson,INTP
Bob Williams,INTP
Jack Johnson,INTP
Rachel Martin,INTP
Rachel Jackson,INTP
Katie Clark,INTP
Xavier White,INTP
Jack Hall,INTP
Alice Johnson,INTP
Quinn Hall,INTP
Olivia Miller,INTP
Bob Martin,INTP
Victor Johnson,INTP
Olivia Lee,INTP
Emma Smith,INTP
David Martinez,INTP
Nathan Hall,INTP
Alice Harris,INTP
Nathan Davis,INTP
Mia Smith,INTP
Frank Jackson,INTP
Charlie Miller,INTP
Jack Jackson,INTP
Tina Walker,INTP
Luke Moore,INTP
Victor Smith,INTP
Ivy Walker,INTP
Mia Jackson,INTP
Ivy Miller,INTP
Jack Thompson,INTP
Quinn Anderson,INTP
Yvonne Williams,INTP
Sam Johnson,INTP
Olivia Taylor,INTP
Grace White,INTP
Jack White,INTP
Quinn Harris,INTP
David Jones,INTP
Bob Smith,INTP
Henry Jones,INTP
Frank Lewis,INTP
Yvonne Smith,INTP
Bob Thompson,INTP
Yvonne Harris,INTP
Zack Clark,INTP
Charlie White,INTP
David Johnson,INTP
Sam Lewis,INTP
Sam Thomas,INTP
Luke Johnson,INTP
Zack Davis,INTP
Mia Wilson,INTP
Quinn Taylor,INTP
David White,INTP
Peter Johnson,INTP
Olivia Brown,INTP
Emma Brown,INTP
Bob Davis,INTP
Sam Martin,INTP
Rachel Walker,INTP
Henry Anderson,INTP
Rachel Davis,INTP
Bob Anderson,INTP
Grace Jackson,INTP
Peter Clark,INTP
Charlie Johnson,INTP
Olivia Martin,INTP
Nathan Lewis,INTP
Luke Davis,INTP
Rachel Martinez,INTP
Yvonne Martin,INTP
Charlie Lewis,INTP
Charlie Walker,INTP
Peter Martinez,INTP
Katie Martinez,INTP
Quinn Miller,INTP
Frank Thompson,INTP
Mia White,INTP
Tina Johnson,INTP
Mia Moore,INTP
Mia Lewis,INTP
Mia Davis,INTP
Nathan Walker,INTP
Charlie Lee,INTP
Rachel Harris,INTP
Jack Walker,INTP
Sam Anderson,INTP
Alice Lee,INTP
Nathan Williams,INTP
Jack Williams,INTP
Henry Robinson,INTP
Alice Robinson,INTP
Sam Williams,INTP
Charlie Robinson,INTP
Zack Anderson,INTP
Mia Williams,INTP
Sam Miller,INTP
Luke Jones,INTP
Ivy Brown,INTP
Grace Robinson,INTP
Luke Brown,INTP
Wendy Taylor,INTP
Sam Robinson,INTP
Tina Thompson,INTP
Rachel White,INTP
David Thompson,INTP
Henry Clark,INTP
David Garcia,INTP
Ivy Wilson,INTP
Bob Lee,INTP
Xavier Lewis,INTP
Ivy Thomas,INTP
Olivia Smith,INTP
Tina Harris,INTP
Victor Davis,INTP
Grace Lewis,INTP
Xavier Thomas,INTP
Jack Harris,INTP
Jack Clark,INTP
Mia Thomas,INTP
Nathan Johnson,INTP
Peter Lewis,INTP
Charlie Harris,INTP
Luke Thompson,INTP
Wendy Garcia,INTP
Quinn Martin,INTP
Katie White,INTP
Nathan Martinez,INTP
Victor Martin,INTP
Zack Lewis,INTP
Victor Garcia,INTP
Ivy Taylor,INTP
Luke Williams,INTP
Peter Miller,INTP
Jack Smith,INTP
Peter Lee,INTP
Luke Wilson,INTP
David Miller,INTP
Rachel Garcia,INTP
Frank Williams,INTP
Jack Miller,INTP
Charlie Martin,INTP
Zack Moore,INTP
Olivia Clark,INTP
Xavier Johnson,INTP
Xavier Hall,INTP
Yvonne Anderson,INTP
Nathan Jackson,INTP
Peter Jones,INTP
Alice Jackson,INTP
Emma Williams,INTP
Zack Hall,INTP
Charlie Martinez,INTP
Luke Garcia,INTP
Nathan Garcia,INTP
Nathan White,INTP
Tina Robinson,INTP
Tina Garcia,INTP
Emma Lewis,INTP
Sam Garcia,INTP
Quinn White,INTP
Luke Thomas,INTP
Luke Clark,INTP
David Robinson,INTP
Zack Williams,INTP
Frank Moore,INTP
Alice Anderson,INTP
Henry Hall,INTP
Olivia Jones,INTP
Rachel Taylor,INTP
Victor Hall,INTP
Tina Lee,INTP
Rachel Brown,INTP
Frank Jones,INTP
Yvonne Taylor,INTP
Alice Martinez,INTP
Grace Harris,INTP
Henry White,INTP
Rachel Miller,INTP
Alice Miller,INTP
Quinn Lee,INTP
Quinn Walker,INTP
Grace Martin,INTP
Emma Martinez,INTP
Xavier Jones,INTP
Peter Harris,INTP
Grace Walker,INTP
Victor Martinez,INTP
Alice Garcia,INTP
Xavier Garcia,INTP
David Thomas,INTP
David Wilson,INTP
Luke Anderson,INTP
Zack Garcia,INTP
David Anderson,INTP
Jack Taylor,INTP
Quinn Davis,INTP
Emma Clark,INTP
Wendy Anderson,INTP
Grace Miller,INTP
Charlie Davis,INTP
Nathan Robinson,INTP
Olivia Harris,INTP
Victor Harris,INTP
Alice White,INTP
Olivia Martinez,INTP
Bob Walker,INTP
Victor Jones,INTP
Alice Wilson,INTP
David Lee,INTP
Ivy Harris,INTP
Yvonne Robinson,INTP
Henry Martin,INTP
Yvonne Hall,INTP
Katie Martin,INTP
Tina Jones,INTP
Tina Smith,INTP
Bob White,INTP
Luke Martinez,INTP
Zack Taylor,INTP
Tina Hall,INTP
Grace Clark,INTP
Wendy Hall,INTP
Henry Smith,INTP
Xavier Clark,INTP
David Martin,INTP
Luke Lee,INTP
Mia Clark,INTP
Frank Martin,INTP
Emma Johnson,INTP
Charlie Clark,INTP
Frank Taylor,INTP
Sam Walker,INTP
Katie Lee,INTP
Xavier Martin,INTP
Xavier Anderson,INTP
Nathan Martin,INTP
Victor Taylor,INTP
Olivia Davis,INTP
Charlie Smith,INTP
David Lewis,INTP
Frank Thomas,INTP
Charlie Anderson,INTP
Yvonne Moore,INTP
Luke Walker,INTP
Alice Brown,INTP
Nathan Lee,INTP
Ivy Thompson,INTP
Katie Brown,INTP
Alice Williams,INTP
Bob Thomas,INTP
Emma Jackson,INTP
Tina Taylor,INTP
Nathan Thompson,INTP
Mia Walker,INTP
Bob Robinson,INTP
Yvonne Thompson,INTP
Alice Taylor,INTP
Olivia Lewis,INTP
Rachel Moore,INTP
Wendy Harris,INTP
David Williams,INTP
Victor Miller,INTP
Katie Lewis,INTP
Katie Thompson,INTP
Zack Brown,INTP
Wendy Jackson,INTP
Sam Moore,INTP
Wendy Brown,INTP
Zack Jackson,INTP
Charlie Jones,INTP
Bob Hall,INTP
Frank Smith,INTP
Sam White,INTP
Sam Smith,INTP
Wendy Smith,INTP
Alice Moore,INTP
Henry Jackson,INTP
Frank Davis,INTP
Quinn Moore,INTP
Tina White,INTP
Yvonne Johnson,INTP
Grace Moore,INTP
Bob Brown,INTP
Bob Taylor,INTP
Frank Lee,INTP
Luke Lewis,INTP
Peter Taylor,INTP
David Harris,INTP
Emma Harris,INTP
Quinn Wilson,INTP
Katie Moore,INTP
Jack Jones,INTP
Sam Jackson,INTP
Luke White,INTP
Olivia Hall,INTP
Katie Garcia,INTP
Quinn Clark,INTP
Wendy Johnson,INTP
Frank Robinson,INTP
Sam Taylor,INTP
Peter Davis,INTP
Grace Brown,INTP
Wendy Lee,INTP
Katie Thomas,INTP
Emma Jones,INTP
Frank Johnson,INTP
Victor Thomas,INTP
Bob Clark,INTP
Grace Martinez,INTP
Victor Wilson,INTP
Tina Miller,INTP
Quinn Lewis,INTP
Sam Harris,INTP
Charlie Thomas,INTP
Ivy Lewis,INTP
Nathan Taylor,INTP
Luke Robinson,INTP
Peter Garcia,INTP
Wendy Clark,INTP
Nathan Wilson,INTP
Alice Thomas,INTP
Katie Walker,INTP
Ivy Davis,INTP
Olivia Moore,INTP
Rachel Johnson,INTP
Ivy Smith,INTP
Frank Walker,INTP
Jack Martinez,INTP
Sam Wilson,INTP
Katie Robinson,INTP
Xavier Davis,INTP
Jack Thomas,INTP
Alice Hall,INTP
Yvonne Lee,INTP
Olivia Robinson,INTP
Frank Anderson,INTP
Frank Garcia,INTP
Tina Brown,INTP
Henry Williams,INTP
Emma Martin,INTP
Ivy Hall,INTP
Rachel Clark,INTP
Quinn Brown,INTP
Alice Martin,INTP
Emma Davis,INTP
Charlie Williams,INTP
Olivia Walker,INTP
David Taylor,INTP
Bob Jackson,INTP
Victor Walker,INTP
Sam Clark,INTP
Bob Garcia,INTP
Jack Martin,INTP
Grace Davis,INTP
Henry Brown,INTP
Mia Harris,INTP
Henry Davis,INTP
Quinn Johnson,INTP
Xavier Miller,INTP
Ivy Johnson,INTP
Rachel Wilson,INTP
Nathan Brown,INTP
Bob Jones,INTP
Luke Miller,INTP
Wendy Williams,INTP
Jack Moore,INTP
Frank Martinez,INTP
Ivy Jackson,INTP
Quinn Smith,INTP
Victor Thompson,INTP
Tina Wilson,INTP
Quinn Jones,INTP
Yvonne Garcia,INTP
Xavier Robinson,INTP
Zack Martin,INTP
Emma Thompson,INTP
Charlie Moore,INTP
Mia Martin,INTP
Olivia Thomas,INTP
David Walker,INTP
Quinn Thompson,INTP
Frank Brown,INTP
Xavier Williams,INTP
Victor Moore,INTP
Katie Anderson,INTP
Bob Moore,INTP
Luke Martin,INTP
Victor Lewis,INTP
Yvonne Brown,INTP
David Hall,INTP
Zack Martinez,INTP
Tina Anderson,INTP
Mia Miller,INTP
Grace Taylor,INTP
Grace Thomas,INTP
Grace Hall,INTP
Tina Martin,INTP
Sam Lee,INTP
Tina Williams,INTP
Wendy Martin,INTP
Katie Williams,INTP
Zack Smith,INTP
Yvonne Martinez,INTP
Zack Wilson,INTP
Xavier Walker,INTP
Zack Johnson,INTP
Jack Lee,INTP
Luke Harris,INTP
Quinn Robinson,INTP
Charlie Taylor,INTP
Grace Smith,INTP
Katie Harris,INTP
Xavier Harris,INTP
David Jackson,INTP
Victor Williams,INTP
Ivy White,INTP
Henry Martinez,INTP
Alice Lewis,INTP
Mia Brown,INTP
Rachel Robinson,INTP
Jack Anderson,INTP
Tina Clark,INTP
David Smith,INTP
Ivy Garcia,INTP
Wendy Thompson,INTP
Peter Thomas,INTP
Jack Garcia,INTP
Rachel Thomas,INTP
Henry Johnson,INTP
Mia Johnson,INTP
David Davis,INTP
Katie Johnson,INTP
Ivy Robinson,INTP
Jack Lewis,INTP
Bob Harris,INTP
Peter Smith,INTP
Sam Thompson,INTP
Yvonne Wilson,INTP
Jack Brown,INTP
Xavier Wilson,INTP
Xavier Brown,INTP
Yvonne Walker,INTP
Yvonne Miller,INTP
Henry Walker,INTP
Zack Thompson,INTP
Grace Garcia,INTP
Emma Anderson,INTP
Grace Williams,INTP
Henry Lee,INTP
Nathan Moore,INTP
Peter Martin,INTP
Frank Hall,INTP
Peter White,INTP
Victor Jackson,INTP
Rachel Anderson,INTP
Henry Garcia,INTP
Zack Walker,INTP
Emma Thomas,INTP
Peter Jackson,INTP
Charlie Garcia,INTP
Mia Robinson,INTP
Yvonne Davis,INTP
Henry Lewis,INTP
Ivy Williams,INTP
Emma Walker,INTP
Peter Anderson,INTP
Ivy Lee,INTP
Mia Taylor,INTP
Alice Clark,INTP
Mia Jones,INTP
Wendy Wilson,INTP
Victor Robinson,INTP
Quinn Martinez,INTP
Henry Thompson,INTP
Frank White,INTP
Peter Wilson,INTP
Emma Hall,INTP
Luke Hall,INTP
Frank Clark,INTP
Bob Martinez,INTP
Mia Garcia,INTP
Emma Robinson,INTP
Charlie Brown,INTP
Katie Jones,INTP
Ivy Martin,INTP
Katie Miller,INTP
Sam Jones,INTP
Ivy Anderson,INTP
Wendy Moore,INTP
Tina Martinez,INTP
Tina Davis,INTP
Peter Williams,INTP
Zack White,INTP
Rachel Lewis,INTP
Victor Lee,INTP
Sam Brown,INTP
Xavier Lee,INTP
Mia Martinez,INTP
Sam Davis,INTP
Katie Wilson,INTP
Bob Williams,INTP
Jack Johnson,INTP
Rachel Martin,INTP
Rachel Jackson,INTP
Katie Clark,INTP
Xavier White,INTP
Jack Hall,INTP
Alice Johnson,INTP
Quinn Hall,INTP
Olivia Miller,INTP
Bob Martin,INTP
Victor Johnson,INTP
Olivia Lee,INTP
Emma Smith,INTP
David Martinez,INTP
Nathan Hall,INTP
Alice Harris,INTP
Nathan Davis,INTP
Mia Smith,INTP
Frank Jackson,INTP
Charlie Miller,INTP
Jack Jackson,INTP
Tina Walker,INTP
Luke Moore,INTP
Victor Smith,INTP
Ivy Walker,INTP
Mia Jackson,INTP
Ivy Miller,INTP
Jack Thompson,INTP
Quinn Anderson,INTP
Yvonne Williams,INTP
Sam Johnson,INTP
Olivia Taylor,INTP
Grace White,INTP
Jack White,INTP
Quinn Harris,INTP
David Jones,INTP
Bob Smith,INTP
Henry Jones,INTP
Frank Lewis,INTP
Yvonne Smith,INTP
Bob Thompson,INTP
Yvonne Harris,INTP
Zack Clark,INTP
Charlie White,INTP
David Johnson,INTP
Sam Lewis,INTP
Sam Thomas,INTP
Luke Johnson,INTP
Zack Davis,INTP
Mia Wilson,INTP
Quinn Taylor,INTP
David White,INTP
Peter Johnson,INTP
Olivia Brown,INTP
Emma Brown,INTP
Bob Davis,INTP
Sam Martin,INTP
Rachel Walker,INTP
Henry Anderson,INTP
Rachel Davis,INTP
Bob Anderson,INTP
Grace Jackson,INTP
Peter Clark,INTP
Charlie Johnson,INTP
Olivia Martin,INTP
Nathan Lewis,INTP
Luke Davis,INTP
Rachel Martinez,INTP
Yvonne Martin,INTP
Charlie Lewis,INTP
Charlie Walker,INTP
Peter Martinez,INTP
Katie Martinez,INTP
Quinn Miller,INTP
Frank Thompson,INTP
Mia White,INTP
Tina Johnson,INTP
Mia Moore,INTP
Mia Lewis,INTP
Mia Davis,INTP
Nathan Walker,INTP
Charlie Lee,INTP
Rachel Harris,INTP
Jack Walker,INTP
Sam Anderson,INTP
Alice Lee,INTP
Nathan Williams,INTP
Jack Williams,INTP
Henry Robinson,INTP
Alice Robinson,INTP
Sam Williams,INTP
Charlie Robinson,INTP
Zack Anderson,INTP
Mia Williams,INTP
Sam Miller,INTP
Luke Jones,INTP
Ivy Brown,INTP
Grace Robinson,INTP
Luke Brown,INTP
Wendy Taylor,INTP
Sam Robinson,INTP
Tina Thompson,INTP
Rachel White,INTP
David Thompson,INTP
Henry Clark,INTP
David Garcia,INTP
Ivy Wilson,INTP
Bob Lee,INTP
Xavier Lewis,INTP
Ivy Thomas,INTP
Olivia Smith,INTP
Tina Harris,INTP
Victor Davis,INTP
Grace Lewis,INTP
Xavier Thomas,INTP
Jack Harris,INTP
Jack Clark,INTP
Mia Thomas,INTP
Nathan Johnson,INTP
Peter Lewis,INTP
Charlie Harris,INTP
Luke Thompson,INTP
Wendy Garcia,INTP
Quinn Martin,INTP
Katie White,INTP
Nathan Martinez,INTP
Victor Martin,INTP
Zack Lewis,INTP
Victor Garcia,INTP
Ivy Taylor,INTP
Luke Williams,INTP
Peter Miller,INTP
Jack Smith,INTP
Peter Lee,INTP
Luke Wilson,INTP
David Miller,INTP
Rachel Garcia,INTP
Frank Williams,INTP
Jack Miller,INTP
Charlie Martin,INTP
Zack Moore,INTP
Olivia Clark,INTP
Xavier Johnson,INTP
Xavier Hall,INTP
Yvonne Anderson,INTP
Nathan Jackson,INTP
Peter Jones,INTP
Alice Jackson,INTP
Emma Williams,INTP
Zack Hall,INTP
Charlie Martinez,INTP
Luke Garcia,INTP
Nathan Garcia,INTP
Nathan White,INTP
Tina Robinson,INTP
Tina Garcia,INTP
Emma Lewis,INTP
Sam Garcia,INTP
Quinn White,INTP
Luke Thomas,INTP
Luke Clark,INTP
David Robinson,INTP
Zack Williams,INTP
Frank Moore,INTP
Alice Anderson,INTP
Henry Hall,INTP
Olivia Jones,INTP
Rachel Taylor,INTP
Victor Hall,INTP
Tina Lee,INTP
Rachel Brown,INTP
Frank Jones,INTP
Yvonne Taylor,INTP
Alice Martinez,INTP
Grace Harris,INTP
Henry White,INTP
Rachel Miller,INTP
Alice Miller,INTP
Quinn Lee,INTP
Quinn Walker,INTP
Grace Martin,INTP
Emma Martinez,INTP
Xavier Jones,INTP
Peter Harris,INTP
Grace Walker,INTP
Victor Martinez,INTP
Alice Garcia,INTP
Xavier Garcia,INTP
David Thomas,INTP
David Wilson,INTP
Luke Anderson,INTP
Zack Garcia,INTP
David Anderson,INTP
Jack Taylor,INTP
Quinn Davis,INTP
Emma Clark,INTP
Wendy Anderson,INTP
Grace Miller,INTP
Charlie Davis,INTP
Nathan Robinson,INTP
Olivia Harris,INTP
Victor Harris,INTP
Alice White,INTP
Olivia Martinez,INTP
Bob Walker,INTP
Victor Jones,INTP
Alice Wilson,INTP
David Lee,INTP
Ivy Harris,INTP
Yvonne Robinson,INTP
Henry Martin,INTP
Yvonne Hall,INTP
Katie Martin,INTP
Tina Jones,INTP
Tina Smith,INTP
Bob White,INTP
Luke Martinez,INTP
Zack Taylor,INTP
Tina Hall,INTP
Grace Clark,INTP
Wendy Hall,INTP
Henry Smith,INTP
Xavier Clark,INTP
David Martin,INTP
Luke Lee,INTP
Mia Clark,INTP
Frank Martin,INTP
Emma Johnson,INTP
Charlie Clark,INTP
Frank Taylor,INTP
Sam Walker,INTP
Katie Lee,INTP
Xavier Martin,INTP
Xavier Anderson,INTP
Nathan Martin,INTP
Victor Taylor,INTP
Olivia Davis,INTP
Charlie Smith,INTP
David Lewis,INTP
Frank Thomas,INTP
Charlie Anderson,INTP
Yvonne Moore,INTP
Luke Walker,INTP
Alice Brown,INTP
Nathan Lee,INTP
Ivy Thompson,INTP
Katie Brown,INTP
Alice Williams,INTP
Bob Thomas,INTP
Emma Jackson,INTP
Tina Taylor,INTP
Nathan Thompson,INTP
Mia Walker,INTP
Bob Robinson,INTP
Yvonne Thompson,INTP
Alice Taylor,INTP
Olivia Lewis,INTP
Rachel Moore,INTP
Wendy Harris,INTP
David Williams,INTP
Victor Miller,INTP
Katie Lewis,INTP
Katie Thompson,INTP
Zack Brown,INTP
Wendy Jackson,INTP
Sam Moore,INTP
Wendy Brown,INTP
Zack Jackson,INTP
Charlie Jones,INTP
Bob Hall,INTP
Frank Smith,INTP
Sam White,INTP
Sam Smith,INTP
Wendy Smith,INTP
Alice Moore,INTP
Henry Jackson,INTP
Frank Davis,INTP
Quinn Moore,INTP
Tina White,INTP
Yvonne Johnson,INTP
Grace Moore,INTP
Bob Brown,INTP
Bob Taylor,INTP
Frank Lee,INTP
Luke Lewis,INTP
Peter Taylor,INTP
David Harris,INTP
Emma Harris,INTP
Quinn Wilson,INTP
Katie Moore,INTP
Jack Jones,INTP
Sam Jackson,INTP
Luke White,INTP
Olivia Hall,INTP
Katie Garcia,INTP
Quinn Clark,INTP
Wendy Johnson,INTP
Frank Robinson,INTP
Sam Taylor,INTP
Peter Davis,INTP
Grace Brown,INTP
Wendy Lee,INTP
Katie Thomas,INTP
Emma Jones,INTP
Frank Johnson,INTP
Victor Thomas,INTP
Bob Clark,INTP
Grace Martinez,INTP
Victor Wilson,INTP
Tina Miller,INTP
Quinn Lewis,INTP
Sam Harris,INTP
Charlie Thomas,INTP
Ivy Lewis,INTP
Nathan Taylor,INTP
Luke Robinson,INTP
Peter Garcia,INTP
Wendy Clark,INTP
Nathan Wilson,INTP
Alice Thomas,INTP
Katie Walker,INTP
Ivy Davis,INTP
Olivia Moore,INTP
Rachel Johnson,INTP
Ivy Smith,INTP
Frank Walker,INTP
Jack Martinez,INTP
saket,infj